date,spend_google,spend_facebook,spend_influencer,impressions_google,clicks_google,impressions_facebook,clicks_facebook,impressions_influencer,clicks_influencer,sessions,units_sold,avg_order_value,conversion_rate,discount,promo_type,season,revenue
2025-06-19 20:22:10,2926.8,1946.49,1565.4,351216,11073,214114,7451,140885,8107,48332,508,67.2,0.0105,0.025,holiday,summer,34138.59
2025-06-20 20:22:10,2451.51,1812.72,1782.67,294181,12782,199399,9531,160440,10286,59701,729,75.23,0.0122,0.166,social,winter,54844.7
2025-06-21 20:22:10,3158.4,1208.94,1945.41,379007,15051,132983,6491,175087,11163,59389,2626,86.19,0.0442,0.226,social,spring,226336.13
2025-06-22 20:22:10,1377.52,2208.86,807.92,165302,7782,242974,9820,72713,4337,39267,1512,91.94,0.0385,0.014,social,spring,139011.93
2025-06-23 20:22:10,1684.08,2226.8,1551.84,202089,5571,244948,8356,139666,4208,33092,879,63.0,0.0266,0.101,holiday,spring,55376.2
2025-06-24 20:22:10,3036.73,1926.15,1261.06,364407,16137,211876,10253,113495,4888,53801,548,24.19,0.0102,0.247,holiday,spring,13256.98
2025-06-25 20:22:10,1815.22,2738.27,1867.23,217826,5577,301210,13730,168050,8148,51633,2458,81.1,0.0476,0.125,social,winter,199333.26
2025-06-26 20:22:10,2358.48,1924.36,924.54,283017,7496,211679,9493,83208,5375,40550,1550,41.33,0.0382,0.224,holiday,summer,64059.53
2025-06-27 20:22:10,2042.1,1575.59,1270.73,245052,10443,173315,7270,114365,4128,38180,1333,64.22,0.0349,0.13,holiday,fall,85604.91
2025-06-28 20:22:10,1744.51,2336.79,1177.23,209341,8026,257046,5676,105950,5543,34867,958,58.13,0.0275,0.168,radio,fall,55690.63
2025-06-29 20:22:10,1598.17,3051.44,1177.54,191780,5576,335658,8308,105978,4970,34650,423,67.79,0.0122,0.247,email,summer,28675.16
2025-06-30 20:22:10,2932.13,988.63,1562.05,351855,12021,108749,4454,140584,8805,46004,1767,89.7,0.0384,0.11,radio,winter,158491.74
2025-07-01 20:22:10,3163.19,1526.69,979.29,379583,14972,167935,8268,88136,4870,48578,759,88.88,0.0156,0.121,holiday,summer,67463.66
2025-07-02 20:22:10,1818.45,2294.7,1485.94,218213,5588,252416,11544,133735,7302,45807,1190,80.57,0.026,0.027,tv,summer,95881.86
2025-07-03 20:22:10,1654.77,1835.62,1651.31,198571,5290,201918,4448,148618,5395,28226,1397,57.66,0.0495,0.043,holiday,summer,80546.57
2025-07-04 20:22:10,2460.58,1092.6,1316.7,295269,16282,120186,4039,118502,7936,49615,1764,49.96,0.0356,0.235,tv,winter,88132.37
2025-07-05 20:22:10,2587.4,1484.39,1375.68,310487,8676,163283,7321,123811,6030,39885,739,87.49,0.0185,0.181,social,summer,64656.18
2025-07-06 20:22:10,2542.34,2765.77,1814.52,305081,13361,304235,11828,163306,9983,63648,998,69.24,0.0157,0.056,email,summer,69098.93
2025-07-07 20:22:10,2268.56,1422.59,895.63,272227,13572,156484,6885,80606,5622,45677,940,52.43,0.0206,0.071,holiday,spring,49280.61
2025-07-08 20:22:10,2519.46,2300.58,1765.94,302335,14944,253063,7133,158934,7930,53215,772,83.48,0.0145,0.052,email,fall,64447.9
2025-07-09 20:22:10,3305.29,2220.67,2208.51,396634,18362,244274,7284,198765,10046,63251,1593,84.37,0.0252,0.134,holiday,winter,134398.21
2025-07-10 20:22:10,2959.37,2952.84,1734.46,355124,17536,324811,15504,156101,9760,76179,830,62.8,0.0109,0.045,email,fall,52126.26
2025-07-11 20:22:10,2269.1,1733.32,1021.55,272291,16302,190665,5547,91939,4206,44097,2104,66.65,0.0477,0.182,holiday,spring,140226.12
2025-07-12 20:22:10,2424.55,1555.93,2170.54,290946,13709,171152,4889,195348,11647,55481,2440,87.47,0.044,0.167,tv,spring,213427.4
2025-07-13 20:22:10,2412.69,913.14,1561.94,289522,14674,100445,4087,140574,5312,41501,529,69.27,0.0128,0.174,tv,spring,36642.64
2025-07-14 20:22:10,1823.58,2365.9,2163.47,218829,7517,260248,7021,194712,10654,47841,1550,82.48,0.0324,0.027,tv,summer,127838.72
2025-07-15 20:22:10,2457.6,2179.23,2333.76,294912,13589,239715,5731,210038,14137,62253,2721,50.04,0.0437,0.084,social,winter,136150.26
2025-07-16 20:22:10,2083.0,1945.36,2193.51,249959,12826,213989,5185,197416,8016,46764,2172,100.85,0.0464,0.144,holiday,spring,219047.52
2025-07-17 20:22:10,2208.35,1660.07,1776.38,265002,8444,182607,6389,159874,6437,38993,1717,70.68,0.044,0.13,radio,spring,121353.66
2025-07-18 20:22:10,2530.47,1124.59,1762.62,303656,9264,123705,3284,158636,9307,40777,1274,37.78,0.0313,0.164,radio,fall,48131.88
2025-07-19 20:22:10,1510.62,2559.55,1635.38,181274,9076,281550,6913,147184,8661,45705,1627,72.69,0.0356,0.013,social,winter,118264.53
2025-07-20 20:22:10,2675.52,1945.0,1283.71,321062,16665,213949,5945,115533,6297,50029,2279,54.47,0.0456,0.099,radio,spring,124129.03
2025-07-21 20:22:10,2209.17,2090.03,606.75,265100,12402,229902,9154,54607,2208,40476,1065,64.49,0.0263,0.147,holiday,spring,68679.79
2025-07-22 20:22:10,2561.51,2400.77,1206.26,307380,9884,264084,5848,108563,5655,38452,1893,61.53,0.0492,0.114,radio,winter,116478.99
2025-07-23 20:22:10,3001.55,2283.46,2371.55,360185,19886,251180,12235,213439,6695,67238,1495,76.51,0.0222,0.229,holiday,fall,114377.11
2025-07-24 20:22:10,3054.7,2016.94,2033.21,366563,17643,221862,6609,182988,11978,65330,1646,67.18,0.0252,0.2,social,fall,110582.47
2025-07-25 20:22:10,5002.36,2745.35,1622.2,600282,28289,301988,7350,145998,5981,69395,2651,54.5,0.0382,0.132,social,fall,144477.43
2025-07-26 20:22:10,2895.65,1323.85,1536.85,347478,18681,145623,5507,138316,7435,54783,582,70.15,0.0106,0.052,radio,winter,40825.15
2025-07-27 20:22:10,2576.24,2149.7,1645.52,309148,12133,236466,11700,148097,8674,58880,723,68.5,0.0123,0.108,tv,fall,49526.87
2025-07-28 20:22:10,1520.64,2118.5,1504.75,182476,9977,233034,10412,135427,4449,43998,762,85.76,0.0173,0.048,holiday,fall,65347.42
2025-07-29 20:22:10,2306.13,2239.16,1759.9,276735,12829,246307,6294,158390,10980,55169,1609,80.51,0.0292,0.206,email,summer,129535.47
2025-07-30 20:22:10,2189.22,2066.35,1986.62,262706,8367,227298,5417,178795,7178,38588,1624,74.83,0.0421,0.228,social,spring,121528.94
2025-07-31 20:22:10,2506.02,1174.0,862.65,300721,11893,129139,3804,77638,2699,31123,1310,45.37,0.0421,0.11,tv,summer,59429.72
2025-08-01 20:22:10,2178.69,1978.56,1281.38,261443,5875,217642,5518,115323,4444,28991,517,92.65,0.0178,0.137,social,winter,47902.13
2025-08-02 20:22:10,2659.97,2541.31,1812.86,319196,8071,279544,10469,163157,11223,55926,2030,88.57,0.0363,0.21,tv,winter,179804.36
2025-08-03 20:22:10,993.83,1724.94,1016.73,119259,5352,189743,6739,91505,4177,29788,1371,64.1,0.046,0.027,email,winter,87876.93
2025-08-04 20:22:10,2808.98,2619.91,1712.78,337077,7826,288189,13822,154150,9911,59034,1776,62.9,0.0301,0.23,tv,winter,111708.23
2025-08-05 20:22:10,2854.46,2441.97,2050.56,342534,19938,268616,7355,184550,9294,64112,1364,91.35,0.0213,0.189,tv,spring,124600.2
2025-08-06 20:22:10,2954.42,2522.31,2201.91,354530,16144,277454,5985,198172,8608,54379,977,82.8,0.018,0.168,email,spring,80898.2
2025-08-07 20:22:10,2999.77,963.44,2274.46,359971,19063,105978,2489,204701,11860,59745,803,67.68,0.0134,0.098,holiday,summer,54346.58
2025-08-08 20:22:10,3081.51,3855.66,1280.09,369781,10201,424122,9882,115207,7154,49235,673,61.0,0.0137,0.247,tv,spring,41049.69
2025-08-09 20:22:10,2787.15,1883.54,1736.47,334458,7850,207189,5651,156282,8543,41354,437,92.27,0.0106,0.02,holiday,summer,40322.81
2025-08-10 20:22:10,2275.53,3130.42,1130.96,273063,8694,344345,11267,101786,6527,48195,486,47.23,0.0101,0.202,tv,winter,22955.81
2025-08-11 20:22:10,2177.0,2577.63,1792.19,261239,12331,283539,5861,161296,5462,41543,1227,103.41,0.0295,0.065,email,spring,126886.58
2025-08-12 20:22:10,2506.15,2396.7,1727.21,300738,14958,263637,12021,155448,7596,61347,2945,81.67,0.048,0.136,tv,winter,240525.44
2025-08-13 20:22:10,1060.69,2175.93,1687.68,127282,4614,239352,10232,151891,10389,48648,1656,82.69,0.034,0.187,holiday,spring,136927.82
2025-08-14 20:22:10,2585.95,2295.32,1301.13,310314,7514,252484,5780,117102,8058,39791,514,66.91,0.0129,0.039,email,summer,34392.71
2025-08-15 20:22:10,2951.05,2417.34,1235.66,354125,14054,265907,12821,111209,3724,52883,1339,73.0,0.0253,0.231,email,summer,97748.3
2025-08-16 20:22:10,3646.61,1408.99,1778.93,437593,13930,154989,3967,160103,8753,47635,476,88.47,0.01,0.103,tv,spring,42111.32
2025-08-17 20:22:10,2628.43,2136.06,1838.35,315411,7108,234966,9901,165451,10519,52037,1093,79.81,0.021,0.024,email,spring,87234.51
2025-08-18 20:22:10,2037.22,2520.68,1422.92,244466,6005,277274,7213,128062,4377,32239,1557,70.36,0.0483,0.166,email,fall,109553.09
2025-08-19 20:22:10,2067.13,1622.49,2071.81,248056,10287,178474,4247,186462,9071,43490,1109,66.21,0.0255,0.096,email,winter,73426.47
2025-08-20 20:22:10,2242.17,1103.77,1340.91,269059,7106,121414,4894,120681,5638,32461,761,59.35,0.0235,0.171,holiday,spring,45161.67
2025-08-21 20:22:10,3590.78,1903.14,1321.81,430893,13622,209345,5499,118963,4165,40102,1857,33.75,0.0463,0.071,holiday,summer,62682.16
2025-08-22 20:22:10,2638.1,1247.73,1411.98,316572,16046,137250,4687,127077,5023,43990,895,72.15,0.0203,0.003,radio,fall,64574.62
2025-08-23 20:22:10,2324.66,1726.48,1997.57,278959,14406,189913,3824,179781,9528,49929,1137,87.75,0.0228,0.102,social,spring,99773.89
2025-08-24 20:22:10,2259.7,2342.22,1762.57,271163,14514,257644,11730,158631,9017,63331,1005,76.71,0.0159,0.08,holiday,spring,77097.2
2025-08-25 20:22:10,2945.72,2142.42,1535.62,353486,8459,235666,8540,138205,4188,37648,507,75.51,0.0135,0.244,email,fall,38282.8
2025-08-26 20:22:10,2885.34,2432.75,1500.12,346240,15428,267602,5911,135010,6659,49197,2309,71.11,0.0469,0.054,email,summer,164181.95
2025-08-27 20:22:10,1558.06,1352.68,1635.49,186967,8644,148795,5960,147194,8880,43842,2082,48.54,0.0475,0.114,social,spring,101069.33
2025-08-28 20:22:10,2442.98,1869.3,1402.78,293157,14800,205622,5294,126250,4546,42220,1088,71.24,0.0258,0.17,holiday,winter,77506.73
2025-08-29 20:22:10,2918.56,2115.62,1708.18,350227,17761,232718,6333,153736,10214,60892,2629,56.64,0.0432,0.186,email,spring,148895.57
2025-08-30 20:22:10,1838.24,1590.04,448.63,220588,8942,174903,7679,40376,2683,33630,1026,64.49,0.0305,0.13,holiday,fall,66166.4
2025-08-31 20:22:10,2190.41,2856.38,1621.28,262849,6243,314201,15014,145914,9848,58448,2445,62.83,0.0418,0.027,radio,summer,153622.31
2025-09-01 20:22:10,2127.03,2077.3,1250.57,255243,5933,228502,8981,112551,7814,42576,1656,80.97,0.0389,0.11,email,summer,134090.25
2025-09-02 20:22:10,3922.72,2394.53,1775.3,470726,14446,263398,11519,159776,8757,62178,2641,52.14,0.0425,0.049,email,spring,137700.09
2025-09-03 20:22:10,3896.76,1357.35,764.77,467610,17024,149308,3521,68828,4571,42538,1568,59.1,0.0369,0.133,holiday,winter,92668.05
2025-09-04 20:22:10,3410.15,2393.2,1209.05,409217,10818,263252,9232,108814,3899,42117,1313,24.31,0.0312,0.229,social,winter,31920.74
2025-09-05 20:22:10,3182.22,1473.04,2211.83,381866,22292,162034,7564,199064,7759,64663,2426,63.34,0.0375,0.13,tv,spring,153672.12
2025-09-06 20:22:10,2091.4,2073.89,1021.01,250968,9544,228128,5117,91890,5009,35032,878,65.51,0.0251,0.062,holiday,winter,57514.5
2025-09-07 20:22:10,3196.68,2732.36,1491.78,383601,10534,300559,13589,134260,5597,53049,992,76.2,0.0187,0.038,radio,fall,75590.71
2025-09-08 20:22:10,2269.02,1417.28,1892.67,272282,9638,155900,6579,170340,5971,39964,628,69.45,0.0157,0.144,social,summer,43615.81
2025-09-09 20:22:10,3497.55,1965.77,1962.21,419706,23570,216234,10773,176599,9646,76592,1023,61.08,0.0134,0.235,radio,fall,62487.3
2025-09-10 20:22:10,3143.25,1679.25,1583.19,377189,22224,184717,9143,142487,5093,61720,2275,83.08,0.0369,0.245,social,fall,189002.27
2025-09-11 20:22:10,3415.93,2270.34,1165.23,409911,22075,249737,5649,104870,3941,52380,2282,78.53,0.0436,0.121,radio,fall,179198.17
2025-09-12 20:22:10,2999.65,1968.35,927.06,359958,21112,216518,7923,83435,2858,52848,1199,49.22,0.0227,0.21,radio,spring,59012.59
2025-09-13 20:22:10,2446.73,1645.96,1399.78,293607,12359,181055,5882,125979,6096,42950,1316,54.29,0.0307,0.153,tv,fall,71446.34
2025-09-14 20:22:10,2377.0,2688.74,2100.45,285239,12288,295761,11340,189040,13097,68098,2212,45.69,0.0325,0.017,tv,summer,101068.86
2025-09-15 20:22:10,2428.17,1603.47,1532.23,291380,10709,176382,4123,137900,6273,37710,792,79.97,0.021,0.067,tv,fall,63333.96
2025-09-16 20:22:10,3278.79,3214.19,1228.78,393454,14824,353561,13427,110590,7314,63094,845,66.77,0.0134,0.128,radio,summer,56423.09
2025-09-17 20:22:10,2994.55,3293.03,2209.99,359345,18420,362233,9103,198899,6444,58792,982,60.05,0.0167,0.12,tv,spring,58970.57
2025-09-18 20:22:10,1768.18,1824.92,1441.89,212181,8929,200741,6696,129769,8965,45491,1566,82.38,0.0344,0.197,radio,summer,129011.53
2025-09-19 20:22:10,2862.06,2968.11,1344.23,343447,7036,326491,16136,120980,5289,51409,1854,89.19,0.0361,0.064,tv,spring,165354.26
2025-09-20 20:22:10,2032.15,1501.39,996.03,243857,14615,165153,6359,89642,6172,47375,880,61.15,0.0186,0.03,holiday,fall,53815.27
2025-09-21 20:22:10,3334.29,1563.05,1229.9,400115,22717,171935,4520,110691,5480,54712,2613,34.66,0.0478,0.197,tv,fall,90557.19
2025-09-22 20:22:10,2877.07,2739.37,1252.83,345248,20404,301330,11688,112754,7246,68030,714,69.16,0.0105,0.132,holiday,fall,49382.57
2025-09-23 20:22:10,2294.87,2102.79,2566.37,275384,6102,231306,5257,230973,15932,53995,561,50.31,0.0104,0.222,radio,spring,28223.58
2025-09-24 20:22:10,2784.5,692.76,928.06,334139,8439,76203,1760,83525,2837,22727,347,91.08,0.0153,0.01,holiday,summer,31605.53
2025-09-25 20:22:10,1834.03,2032.32,1805.76,220084,5380,223555,4553,162518,7931,34254,464,68.46,0.0135,0.199,radio,winter,31763.13
2025-09-26 20:22:10,2444.8,2336.01,1401.14,293375,13119,256961,8292,126102,7901,52524,1349,83.49,0.0257,0.166,social,fall,112622.57
2025-09-27 20:22:10,2833.82,2323.91,2073.74,340057,13065,255630,6058,186636,8423,49478,2263,59.46,0.0458,0.04,holiday,fall,134558.39
2025-09-28 20:22:10,2919.74,1733.97,1721.11,350368,15415,190736,7770,154899,4987,48465,2125,52.9,0.0439,0.164,email,winter,112409.14
2025-09-29 20:22:10,2882.88,1804.4,1947.81,345946,10383,198484,9529,175303,8928,52772,2425,59.89,0.046,0.015,email,fall,145237.08
2025-09-30 20:22:10,2993.92,2151.76,1141.32,359269,18973,236693,6896,102718,5784,54005,1421,63.81,0.0263,0.011,radio,spring,90673.31
2025-10-01 20:22:10,1690.77,1972.9,1914.34,202892,12010,217018,4752,172290,9123,47345,546,67.97,0.0115,0.128,social,fall,37109.93
2025-10-02 20:22:10,2624.29,2271.92,301.66,314914,14002,249911,10455,30000,1514,43696,1106,70.92,0.0253,0.219,social,fall,78440.28
2025-10-03 20:22:10,1222.65,1626.53,1047.97,146717,5983,178918,5463,94317,5380,31283,481,54.33,0.0154,0.137,holiday,winter,26132.77
2025-10-04 20:22:10,2861.13,2184.58,1658.03,343335,19085,240303,8738,149222,7778,61830,864,89.59,0.014,0.143,email,fall,77408.83
2025-10-05 20:22:10,2910.63,1861.45,1836.92,349275,8691,204759,7323,165323,8387,45242,2231,96.24,0.0493,0.19,email,fall,214718.75
2025-10-06 20:22:10,2975.05,2589.08,1478.34,357006,10685,284798,8480,133050,4153,40984,593,74.88,0.0145,0.188,tv,summer,44402.31
2025-10-07 20:22:10,2953.22,1863.01,2303.45,354386,11524,204930,4526,207310,7634,42704,509,42.36,0.0119,0.11,email,spring,21559.18
2025-10-08 20:22:10,2347.64,1773.21,1323.46,281716,13120,195053,7673,119111,7357,50155,2429,61.47,0.0484,0.206,social,winter,149319.65
2025-10-09 20:22:10,1398.0,2087.47,1128.14,167759,9353,229621,6583,101533,3538,34271,1535,65.65,0.0448,0.044,email,summer,100765.57
2025-10-10 20:22:10,2330.88,1941.55,2238.95,279705,8930,213569,4629,201505,8639,41287,1544,68.03,0.0374,0.085,radio,winter,105041.94
2025-10-11 20:22:10,2349.28,2234.71,2249.6,281913,14097,245817,10735,202463,8008,58734,2514,76.42,0.0428,0.1,holiday,fall,192126.93
2025-10-12 20:22:10,2256.42,2590.1,1417.27,270770,7850,284910,9093,127554,7411,44925,1960,74.06,0.0436,0.145,email,spring,145148.69
2025-10-13 20:22:10,1799.93,1960.96,381.18,215991,9830,215705,4691,34305,1198,26354,1198,39.5,0.0455,0.085,tv,summer,47326.64
2025-10-14 20:22:10,2734.68,2001.93,1325.44,328161,12398,220211,9954,119289,4850,47771,926,65.16,0.0194,0.041,email,spring,60334.01
2025-10-15 20:22:10,2618.64,902.53,1764.99,314236,17843,99278,2105,158849,8130,48933,1506,87.33,0.0308,0.013,holiday,spring,131518.91
2025-10-16 20:22:10,3212.12,2394.17,1677.33,385454,16882,263358,13132,150959,6290,63304,1662,71.4,0.0263,0.183,holiday,winter,118660.53
2025-10-17 20:22:10,3293.74,1971.31,1370.81,395248,13896,216844,6530,123373,5535,45202,2099,69.46,0.0464,0.037,social,winter,145794.27
2025-10-18 20:22:10,2014.65,1670.74,2024.21,241757,11732,183781,8937,182178,10663,57703,1885,77.49,0.0327,0.027,radio,summer,146074.57
2025-10-19 20:22:10,3221.98,2261.01,1303.51,386637,8119,248710,8106,117316,5963,40524,632,66.28,0.0156,0.072,email,winter,41891.28
2025-10-20 20:22:10,3714.81,858.23,1281.71,445777,15425,94405,4323,115353,4690,41794,1701,64.06,0.0407,0.097,email,fall,108960.43
2025-10-21 20:22:10,2213.54,2307.89,1394.5,265624,7843,253867,10553,125504,6011,44433,478,69.67,0.0108,0.148,holiday,summer,33303.1
2025-10-22 20:22:10,3088.69,1164.42,1736.53,370643,20973,128086,6067,156288,6119,56394,2179,62.99,0.0386,0.167,radio,spring,137262.81
2025-10-23 20:22:10,2517.71,1242.71,2224.26,302125,14532,136698,3304,200183,8329,46618,1936,58.46,0.0415,0.028,tv,fall,113173.12
2025-10-24 20:22:10,2487.18,1963.63,1838.4,298461,9469,215999,4975,165456,10052,45870,1258,75.35,0.0274,0.202,social,summer,94786.89
2025-10-25 20:22:10,3781.25,2490.92,1879.53,453749,17969,274000,12709,169157,9393,70856,1706,78.87,0.0241,0.068,tv,fall,134552.52
2025-10-26 20:22:10,3859.95,1932.9,1150.54,463193,17054,212618,7804,103548,6574,54427,1177,105.63,0.0216,0.162,email,fall,124321.6
2025-10-27 20:22:10,2789.55,1310.89,2107.06,334745,10424,144198,6798,189634,10861,52125,2085,82.18,0.04,0.084,email,fall,171339.54
2025-10-28 20:22:10,1882.41,2307.15,1590.03,225889,13137,253786,9103,143102,5679,49103,1201,80.06,0.0245,0.21,radio,fall,96154.7
2025-10-29 20:22:10,3052.59,1967.01,1511.27,366310,8852,216371,10556,136014,4342,42333,953,67.7,0.0225,0.207,email,spring,64516.71
2025-10-30 20:22:10,1790.92,2027.52,1039.23,214910,5573,223027,6762,93530,2878,27310,1011,78.1,0.0371,0.101,email,spring,78957.01
2025-10-31 20:22:10,2152.76,1819.81,1495.15,258330,7961,200179,8693,134563,4687,38491,1913,74.07,0.0497,0.07,tv,fall,141692.28
2025-11-01 20:22:10,3167.13,1453.66,1177.38,380055,10118,159902,4345,105964,3887,32117,1413,66.72,0.044,0.206,social,winter,94276.76
2025-11-02 20:22:10,2709.94,2284.68,610.19,325192,18759,251314,10321,54916,3717,55497,2100,62.79,0.0378,0.041,email,winter,131864.58
2025-11-03 20:22:10,3065.32,1670.76,981.0,367837,15711,183783,7189,88289,4738,47535,523,78.78,0.011,0.199,email,winter,41204.18
2025-11-04 20:22:10,2767.16,3667.0,1345.07,332059,18630,403369,14908,121056,7056,70928,2844,87.28,0.0401,0.05,email,summer,248217.15
2025-11-05 20:22:10,3358.43,2561.39,1317.55,403011,11475,281752,7229,118579,4085,40016,704,55.88,0.0176,0.15,tv,summer,39342.47
2025-11-06 20:22:10,2551.99,2290.8,2123.06,306238,8216,251988,7052,191075,6205,39271,675,63.98,0.0172,0.25,tv,winter,43186.8
2025-11-07 20:22:10,3174.9,2090.57,1304.85,380987,9702,229962,10867,117436,4154,43846,1059,69.51,0.0242,0.066,radio,summer,73607.06
2025-11-08 20:22:10,938.34,1932.51,1390.31,112600,2481,212576,7577,125128,5255,29545,1275,52.36,0.0432,0.1,email,winter,66754.59
2025-11-09 20:22:10,2628.64,2086.99,1171.93,315437,11748,229569,6210,105474,6573,43789,1431,86.01,0.0327,0.185,tv,fall,123079.06
2025-11-10 20:22:10,2555.25,1620.8,1751.76,306629,10325,178287,6362,157658,9027,47159,1681,85.53,0.0357,0.144,social,summer,143773.81
2025-11-11 20:22:10,2084.84,2696.81,1762.94,250181,9110,296649,10629,158664,9036,53192,1566,96.19,0.0295,0.226,social,summer,150631.09
2025-11-12 20:22:10,1454.08,1132.4,1862.43,174490,9832,124564,4054,167619,10479,45546,481,94.32,0.0106,0.114,tv,fall,45367.65
2025-11-13 20:22:10,2230.16,2306.7,1572.01,267619,15814,253737,11150,141480,9626,65499,3230,86.39,0.0493,0.141,radio,summer,279042.6
2025-11-14 20:22:10,1713.01,2047.67,2012.11,205561,12252,225243,5043,181089,10463,50989,2242,80.77,0.044,0.023,tv,spring,181078.25
2025-11-15 20:22:10,2922.53,2385.65,2616.85,350703,19660,262421,11771,235516,10498,74162,3078,74.09,0.0415,0.039,email,winter,228057.38
2025-11-16 20:22:10,3738.77,1659.43,1152.68,448652,26357,182537,7209,103740,6647,67756,1372,47.28,0.0203,0.161,radio,spring,64870.1
2025-11-17 20:22:10,3096.42,1674.78,1306.64,371570,12217,184225,6531,117598,7527,47210,1046,58.46,0.0222,0.07,social,fall,61146.92
2025-11-18 20:22:10,1646.1,1321.41,1186.0,197531,7260,145354,4162,106740,4215,27955,1065,68.28,0.0381,0.144,holiday,spring,72720.3
2025-11-19 20:22:10,2133.75,2944.85,1875.11,256050,8622,323933,8110,168759,8017,45676,1191,64.52,0.0261,0.21,social,winter,76841.14
2025-11-20 20:22:10,1656.3,1816.08,1262.52,198756,8675,199769,9349,113626,4990,41386,1932,71.44,0.0467,0.212,radio,spring,138029.05
2025-11-21 20:22:10,2331.34,1006.23,1459.07,279760,6486,110685,2858,131316,4015,24177,1194,65.03,0.0494,0.163,holiday,spring,77640.67
2025-11-22 20:22:10,1614.94,1407.27,1778.75,193792,4944,154799,3749,160087,5872,27551,1139,57.83,0.0414,0.166,radio,fall,65872.98
2025-11-22 23:38:41,1766.06,2175.93,951.62,211927,6399,239352,6396,85645,2924,11067,232,71.53,0.021,0.21,social,spring,16596.04
2025-11-22 23:39:41,2835.6,2538.65,1624.33,340272,18648,279251,6501,146189,9192,21271,256,87.74,0.0121,0.077,social,spring,22461.13
2025-11-22 23:40:41,1058.09,1851.01,1340.07,126971,7409,203611,8157,120606,5164,13004,469,84.13,0.0361,0.158,holiday,winter,39454.79
2025-11-22 23:41:41,1836.08,3020.04,1602.37,220329,12845,332203,11339,144212,9871,21486,337,66.98,0.0157,0.133,tv,summer,22571.81
2025-11-22 23:42:41,2653.51,3396.91,1562.26,318421,16040,373660,17955,140603,6183,24748,820,80.38,0.0332,0.11,tv,summer,65915.08
2025-11-22 23:43:41,4020.63,2417.77,1459.56,482476,10288,265954,7419,131360,5564,15428,553,60.26,0.0358,0.151,radio,summer,33321.75
2025-11-22 23:44:41,2774.2,1426.0,2297.04,332904,8867,156860,4779,206733,14377,16917,841,102.06,0.0498,0.061,radio,summer,85830.18
2025-11-22 23:45:41,2272.2,2575.06,1817.49,272664,11155,283256,8275,163573,9721,17713,627,94.3,0.0354,0.111,holiday,winter,59125.32
2025-11-22 23:46:41,4392.51,1547.8,1027.55,527101,29722,170257,7979,92479,4369,25594,879,85.97,0.0344,0.249,social,fall,75566.36
2025-11-22 23:47:41,2729.06,1470.29,1304.98,327486,8841,161731,7941,117447,5475,13341,666,71.06,0.0499,0.089,email,fall,47326.4
2025-11-22 23:48:42,3296.44,2473.32,737.09,395572,13502,272065,6479,66337,3832,15676,319,56.47,0.0204,0.165,radio,spring,18014.58
2025-11-22 23:49:42,2618.6,1887.89,1296.09,314232,10574,207667,8685,116647,4386,15399,249,60.2,0.0162,0.191,holiday,summer,14990.12
2025-11-22 23:50:42,3895.19,2057.79,1130.43,467422,10992,226356,5407,101738,6112,13985,250,60.69,0.0179,0.115,holiday,summer,15171.54
2025-11-22 23:51:42,2228.4,1463.18,2064.31,267408,15954,160950,5141,185787,8711,18279,226,54.66,0.0124,0.163,social,fall,12353.26
2025-11-22 23:52:42,2699.51,2587.28,880.15,323941,8602,284600,11437,79213,3742,15427,252,91.7,0.0164,0.101,email,fall,23109.53
2025-11-22 23:53:42,2348.49,2270.53,2472.04,281819,7173,249758,9929,222483,11479,17671,177,59.73,0.0101,0.166,radio,winter,10571.47
2025-11-22 23:54:42,2797.69,2360.91,971.33,335723,18119,259700,11948,87419,3456,21219,654,70.44,0.0308,0.133,radio,fall,46067.3
2025-11-22 23:55:42,2468.92,2041.17,1713.07,296270,7763,224528,10972,154175,6997,15326,377,85.56,0.0246,0.111,social,winter,32255.6
2025-11-22 23:56:42,2486.4,1953.98,1894.15,298367,14096,214938,5098,170473,11139,18369,614,44.91,0.0334,0.129,radio,fall,27576.19
2025-11-22 23:57:42,2284.56,2462.01,1508.71,274147,9241,270821,8130,135783,9438,16385,297,36.47,0.0181,0.242,email,spring,10832.62
2025-11-22 23:58:42,2672.82,2213.73,1462.0,320738,11703,243510,5952,131579,8251,15625,193,75.91,0.0124,0.04,social,spring,14649.68
2025-11-22 23:59:42,3465.02,1915.21,2522.22,415801,17534,210673,5323,227000,8771,19165,559,80.03,0.0292,0.18,tv,spring,44736.8
2025-11-23 00:00:42,2660.77,2720.27,2741.36,319292,12825,299230,12981,246722,14857,24243,930,83.2,0.0384,0.073,email,spring,77377.59
2025-11-23 00:01:42,1702.17,1673.82,2022.15,204260,11432,184119,8229,181993,8666,17279,572,37.96,0.0332,0.097,social,fall,21715.84
2025-11-23 00:02:42,2571.67,2635.49,1496.75,308599,12786,289903,7172,134707,8881,18450,683,87.4,0.037,0.201,tv,fall,59696.47
2025-11-23 00:03:42,2013.5,2260.12,1363.04,241620,5526,248613,6773,122673,3798,11060,398,68.64,0.0361,0.156,social,winter,27319.08
2025-11-23 00:04:42,2559.27,1832.92,1041.83,307112,15024,201621,7775,93765,6498,18008,804,55.81,0.0447,0.195,tv,summer,44874.45
2025-11-23 00:05:42,1966.78,1622.91,1509.33,236013,7080,178519,5328,135839,8946,14403,182,72.63,0.0127,0.162,radio,fall,13218.4
2025-11-23 00:06:42,2013.65,1946.47,1355.51,241637,13612,214112,8301,121995,4756,17154,486,69.48,0.0283,0.188,email,spring,33767.38
2025-11-23 00:07:42,3195.34,2235.06,2012.33,383441,15765,245856,7328,181109,7225,18540,852,98.01,0.046,0.211,email,summer,83505.34
2025-11-23 00:08:42,3611.11,2191.95,1587.44,433333,9355,241114,6871,142869,9621,15750,330,81.58,0.021,0.171,holiday,winter,26921.92
2025-11-23 00:09:42,2582.84,2215.33,1670.19,309941,16164,243686,8994,150317,9164,21048,375,71.25,0.0178,0.049,email,fall,26720.6
2025-11-23 00:10:42,2788.36,1445.03,1349.13,334602,8275,158953,4846,121422,4474,12759,184,80.79,0.0145,0.177,radio,fall,14864.7
2025-11-23 00:11:42,2863.1,1840.86,1735.14,343571,17794,202495,9801,156162,10630,23928,966,83.01,0.0404,0.057,radio,winter,80188.64
2025-11-23 00:12:42,3121.83,1665.44,1913.75,374619,8022,183198,7853,172237,11542,17726,375,66.3,0.0212,0.229,radio,winter,24861.25
2025-11-23 00:13:42,2594.49,1440.62,1694.66,311338,15277,158467,3417,152519,7649,17477,774,66.55,0.0443,0.234,radio,spring,51510.02
2025-11-23 00:14:42,1915.17,1231.03,1296.19,229820,7136,135413,4436,116656,3817,10232,248,76.02,0.0243,0.117,email,winter,18852.15
2025-11-23 00:15:42,3019.43,1991.55,2016.76,362331,21564,219070,7630,181508,12326,24978,538,86.36,0.0216,0.235,radio,summer,46459.99
2025-11-23 00:16:42,2737.95,2539.46,1544.99,328554,13318,279341,11290,139049,7089,19824,780,68.73,0.0394,0.056,social,winter,53608.85
2025-11-23 00:17:42,2973.19,1926.81,1267.46,356783,19009,211949,8229,114071,7324,22070,343,72.22,0.0155,0.005,social,fall,24770.6
2025-11-23 00:18:42,2529.27,2078.02,1902.02,303512,12892,228582,8812,171182,11398,20040,234,60.1,0.0117,0.228,email,spring,14063.85
2025-11-23 00:19:42,2003.33,2476.9,1601.08,240399,7160,272458,9833,144097,5396,14339,669,89.76,0.0467,0.194,holiday,spring,60047.51
2025-11-23 00:20:42,2067.44,2194.51,1238.61,248093,6297,241396,9568,111475,4068,13343,271,75.26,0.0203,0.095,email,fall,20394.25
2025-11-23 00:21:42,3071.09,2759.82,1318.04,368530,16257,303580,8299,118623,6099,19836,330,67.4,0.0166,0.152,social,summer,22240.79
2025-11-23 00:22:42,3149.59,1895.51,1670.16,377951,19593,208506,6427,150314,6661,20856,904,75.07,0.0434,0.085,tv,fall,67860.42
2025-11-23 00:23:42,2511.68,2844.26,2014.73,301401,9699,312868,13056,181325,7873,18434,412,83.0,0.0224,0.218,radio,spring,34194.1
2025-11-23 00:24:42,2691.73,1583.68,1854.91,323007,18381,174204,8449,166941,8519,21750,525,68.78,0.0242,0.16,holiday,winter,36107.16
2025-11-23 00:25:42,2113.94,2250.98,1045.73,253672,9233,247607,4957,94116,6529,14369,565,71.66,0.0393,0.19,email,spring,40487.36
2025-11-23 00:26:42,1769.07,1918.52,1745.78,212288,7234,211036,7915,157119,5245,14481,643,57.58,0.0444,0.155,radio,winter,37026.35
2025-11-23 00:27:42,1929.1,2292.85,2099.82,231491,9749,252213,5077,188984,11082,16565,222,52.15,0.0135,0.205,social,spring,11576.21
2025-11-23 00:28:42,1739.1,1735.18,990.6,208692,11785,190869,7137,89154,5028,15167,700,70.37,0.0462,0.092,tv,fall,49258.05
2025-11-23 00:29:42,2560.26,2750.97,1992.29,307231,9295,302606,10927,179306,8208,18745,740,74.69,0.0395,0.165,social,spring,55267.25
2025-11-23 00:30:42,1811.32,2097.22,991.08,217358,6625,230694,10499,89196,5163,14545,462,65.75,0.0318,0.072,radio,spring,30375.29
2025-11-23 00:31:42,1214.14,2025.98,641.46,145696,3691,222857,4878,57731,3334,8585,339,47.72,0.0395,0.054,radio,summer,16175.95
2025-11-23 00:32:42,2366.24,2436.66,1863.84,283949,7165,268032,10293,167745,9569,17326,347,53.24,0.0201,0.132,holiday,spring,18475.52
2025-11-23 00:33:42,2431.28,2806.25,1519.49,291753,6574,308687,6975,136754,4635,12378,521,56.16,0.0421,0.218,radio,fall,29257.83
2025-11-23 00:34:42,1418.08,1731.06,1443.27,170169,7793,190416,5280,129894,9067,13931,316,55.82,0.0227,0.149,radio,summer,17638.9
2025-11-23 00:35:42,3568.52,2938.7,1378.62,428222,18332,323256,12303,124076,7626,23546,1049,103.48,0.0446,0.213,email,fall,108545.95
2025-11-23 00:36:42,2525.47,3173.38,1780.97,303056,13970,349072,7780,160287,7187,18639,557,61.66,0.0299,0.172,tv,winter,34343.98
2025-11-23 00:37:42,2791.38,1879.93,1320.39,334966,10166,206792,8181,118835,8020,16508,819,81.37,0.0497,0.214,radio,spring,66643.99
2025-11-23 00:38:42,2249.94,2840.83,1565.7,269992,12152,312490,10125,140912,8336,18876,787,83.56,0.0417,0.057,tv,fall,65763.34
2025-11-23 00:39:42,3029.82,973.62,1844.29,363578,18609,107097,3076,165986,8897,19597,875,77.77,0.0447,0.012,radio,winter,68049.37
2025-11-23 00:40:42,2050.34,2031.71,1991.24,246040,10150,223487,7712,179212,11643,18082,387,66.48,0.0214,0.028,social,fall,25729.46
2025-11-23 00:41:42,2834.89,2717.39,1619.02,340186,17353,298912,9137,145711,5665,19133,702,51.14,0.0367,0.136,social,summer,35902.74
2025-11-23 00:42:42,2527.49,1011.04,2610.22,303298,14051,111214,3440,234919,9841,17493,394,81.95,0.0225,0.134,holiday,summer,32287.08
2025-11-23 00:43:42,2988.25,1697.43,831.32,358589,17021,186717,6209,74818,4154,17728,545,76.91,0.0308,0.06,social,fall,41913.85
2025-11-23 00:44:42,2398.34,1884.76,1010.01,287800,9123,207323,9368,90901,4922,14495,328,70.34,0.0227,0.17,radio,summer,23072.2
2025-11-23 00:45:42,2544.18,2383.82,1429.26,305301,16651,262220,12391,128633,8258,23271,599,69.36,0.0258,0.225,holiday,winter,41547.61
2025-11-23 20:22:10,3189.64,1521.62,1758.49,382756,17308,167378,3549,158264,7278,49050,1975,72.29,0.0403,0.195,email,winter,142776.28
2025-11-24 20:22:10,2153.96,1838.68,1214.46,258474,6729,202254,4995,109301,6634,34001,945,77.59,0.0278,0.144,email,spring,73318.71
2025-11-25 20:22:10,1768.5,2316.78,1412.15,212220,10824,254845,8959,127093,4583,42973,471,67.58,0.011,0.194,social,fall,31830.97
2025-11-26 20:22:10,1814.53,2037.31,1024.07,217743,12856,224104,10934,92166,3871,47939,1375,55.47,0.0287,0.047,holiday,spring,76277.37
2025-11-27 20:22:10,2290.31,2482.42,1808.94,274837,7988,273066,5551,162804,7673,39347,1825,79.37,0.0464,0.168,tv,fall,144845.57
2025-11-28 20:22:10,2242.17,2148.9,1523.55,269060,8461,236379,10364,137119,7810,49154,1246,69.7,0.0254,0.138,email,winter,86852.14
2025-11-29 20:22:10,2995.11,2445.66,902.38,359413,20151,269022,12029,81213,3888,60831,1175,91.18,0.0193,0.159,radio,winter,107131.19
2025-11-30 20:22:10,2283.86,2349.61,1207.61,274062,16328,258456,8708,108684,6562,55146,842,100.89,0.0153,0.113,holiday,spring,84947.2
2025-12-01 20:22:10,2808.96,2214.08,1332.53,337075,7677,243548,5346,119927,7139,37290,1125,94.83,0.0302,0.233,email,spring,106681.27
2025-12-02 20:22:10,1257.03,2818.64,1557.16,150843,5697,310050,11320,140144,7037,44738,1014,76.75,0.0227,0.143,social,spring,77822.43
2025-12-03 20:22:10,2789.18,1537.08,2260.04,334701,12865,169078,7496,203403,13387,62509,1867,67.01,0.0299,0.105,email,spring,125102.89
2025-12-04 20:22:10,2640.83,1977.95,1952.8,316899,12933,217575,6126,175752,10616,54230,1862,67.67,0.0344,0.14,email,fall,125992.26
2025-12-05 20:22:10,3312.36,1354.45,1480.18,397483,20370,148989,4488,133215,8965,58804,1184,60.2,0.0201,0.094,email,fall,71279.97
2025-12-06 20:22:10,2509.68,2324.37,1961.93,301161,8824,255680,9986,176573,5830,44746,1234,88.88,0.0276,0.245,tv,fall,109678.21
2025-12-07 20:22:10,1663.19,1265.04,2240.25,199582,10561,139153,5695,201622,11540,51893,1823,47.44,0.0351,0.037,email,fall,86478.14
2025-12-08 20:22:10,1714.99,2861.8,1597.65,205799,6024,314797,15442,143788,7011,52794,641,75.09,0.0121,0.163,holiday,winter,48132.57
2025-12-09 20:22:10,2510.06,2321.54,939.46,301206,6573,255368,12031,84551,3485,39827,1077,38.59,0.027,0.222,radio,winter,41560.8
2025-12-10 20:22:10,2555.87,1944.3,1457.49,306704,10461,213872,10084,131174,4760,44826,946,87.25,0.0211,0.036,radio,spring,82535.94
2025-12-11 20:22:10,3004.79,2315.85,1781.41,360575,19632,254743,7918,160326,5913,57328,1268,44.83,0.0221,0.214,radio,spring,56840.77
2025-12-12 20:22:10,1787.5,1727.14,1516.86,214500,10604,189985,6120,136517,5811,40236,1692,85.81,0.0421,0.031,holiday,spring,145190.96
2025-12-13 20:22:10,3222.97,1708.53,1345.35,386755,8819,187937,7758,121081,5472,39708,1896,77.9,0.0478,0.178,tv,spring,147689.52
2025-12-14 20:22:10,1952.29,1947.04,909.93,234274,12374,214173,9716,81893,5162,47701,671,76.1,0.0141,0.08,holiday,summer,51065.31
2025-12-15 20:22:10,1441.54,1999.68,484.91,172984,4332,219964,7791,43641,1652,24704,653,66.23,0.0264,0.132,holiday,summer,43248.83
2025-12-16 20:22:10,3389.05,2712.88,1565.62,406686,13865,298416,14230,140905,6519,61338,2432,42.16,0.0397,0.246,radio,spring,102532.15
2025-12-17 20:22:10,2343.69,1609.36,973.23,281242,11191,177029,6234,87590,5507,40406,1647,105.44,0.0408,0.243,holiday,spring,173662.42
2025-12-18 20:22:10,2197.97,2202.09,1993.7,263756,10857,242230,10046,179433,11745,60701,1010,75.26,0.0167,0.053,radio,summer,76014.53
2025-12-19 20:22:10,3384.79,2181.9,2602.17,406174,20328,240009,6182,234195,10323,64738,708,75.8,0.0109,0.141,social,winter,53665.9
2025-12-20 20:22:10,2828.55,2111.27,2148.41,339425,8310,232239,4868,193356,12200,48472,2181,54.95,0.045,0.17,holiday,summer,119837.9
2025-12-21 20:22:10,3035.82,1598.58,1041.68,364298,21250,175843,7794,93751,3408,53952,2646,56.0,0.049,0.186,radio,summer,148174.19
2025-12-22 20:22:10,2344.09,1613.06,1274.68,281290,7756,177436,8267,114720,5391,38701,1115,80.7,0.0288,0.108,social,fall,89974.95
2025-12-23 20:22:10,2776.0,2135.4,1654.74,333119,7833,234893,9606,148926,9039,49351,2392,79.98,0.0485,0.089,email,winter,191313.06
2025-12-24 20:22:10,2072.72,1340.92,1269.3,248726,7200,147500,6599,114236,4057,32256,1099,47.07,0.0341,0.193,email,summer,51731.27
2025-12-25 20:22:10,2175.96,1693.92,1370.42,261115,13868,186331,6284,123337,8204,50640,2342,73.72,0.0463,0.051,email,fall,172652.49
2025-12-26 20:22:10,3091.55,1867.57,1044.01,370986,8534,205432,5628,93961,4779,33796,1626,51.19,0.0481,0.207,tv,spring,83232.93
2025-12-27 20:22:10,3784.99,1559.69,1222.11,454199,19143,171565,4390,109989,5736,49654,1060,70.26,0.0214,0.029,tv,fall,74470.65
2025-12-28 20:22:10,2074.64,1449.73,2230.64,248957,10447,159470,4650,200757,9549,45474,1267,62.81,0.0279,0.187,email,fall,79579.77
2025-12-29 20:22:10,3784.19,1861.17,1411.03,454103,24045,204729,7641,126992,7916,67659,1453,52.94,0.0215,0.173,social,spring,76921.61
2025-12-30 20:22:10,2837.86,1321.98,1095.6,340543,16986,145417,4491,98603,5648,46321,1831,60.31,0.0395,0.076,holiday,summer,110436.1
2025-12-31 20:22:10,2912.69,2415.09,1899.79,349522,14557,265660,5435,170980,7025,47624,2207,72.95,0.0464,0.188,radio,fall,160995.75
2026-01-01 20:22:10,3044.2,1859.72,721.34,365303,21144,204569,4679,64920,3189,47507,1918,63.68,0.0404,0.247,radio,fall,122137.34
2026-01-02 20:22:10,2714.57,2520.3,1644.44,325748,10109,277233,7811,147999,9072,49657,1362,74.75,0.0274,0.04,radio,winter,101808.51
2026-01-03 20:22:10,3650.64,2174.92,1195.87,438077,19707,239241,9980,107628,3593,56132,995,90.0,0.0177,0.021,email,spring,89553.94
2026-01-04 20:22:10,2444.98,1391.85,1411.29,293398,6686,153103,6194,127016,5989,34825,1612,60.6,0.0463,0.24,email,spring,97686.51
2026-01-05 20:22:10,1960.93,1739.74,1548.03,235311,9061,191371,5560,139323,9633,45131,632,60.46,0.014,0.211,tv,spring,38212.28
2026-01-06 20:22:10,3443.67,2002.86,1518.86,413240,21190,220315,4424,136696,6433,54557,1672,84.54,0.0307,0.103,holiday,fall,141347.47
2026-01-07 20:22:10,1325.59,2460.93,1230.48,159070,7519,270702,8334,110743,6821,41761,1228,77.87,0.0294,0.127,holiday,winter,95620.63
2026-01-08 20:22:10,1040.27,2534.48,1822.33,124832,6267,278793,11557,164009,10697,54206,1715,54.57,0.0317,0.144,holiday,spring,93594.81
2026-01-09 20:22:10,2144.96,2067.41,1323.98,257394,11099,227415,7340,119157,5615,42803,811,76.92,0.019,0.107,radio,spring,62378.29
2026-01-10 20:22:10,2605.24,1689.08,1612.52,312628,12526,185799,8937,145126,9805,56969,807,69.05,0.0142,0.235,holiday,summer,55721.77
2026-01-11 20:22:10,2099.3,2135.83,2191.14,251915,8285,234941,8919,197202,9424,49607,773,69.24,0.0156,0.002,radio,summer,53520.63
2026-01-12 20:22:10,1008.42,2293.22,1951.84,121010,7012,252254,7965,175665,11348,50236,1124,63.25,0.0224,0.009,social,summer,71097.58
2026-01-13 20:22:10,2752.54,1849.89,1288.71,330305,14630,203487,9465,115983,4427,49045,2341,38.29,0.0477,0.136,tv,fall,89645.44
2026-01-14 20:22:10,2965.58,1684.61,1161.31,355869,7659,185307,3808,104517,3830,27329,1258,55.36,0.046,0.058,holiday,fall,69641.65
2026-01-15 20:22:10,2169.38,1573.75,1058.9,260325,15493,173112,7879,95301,5515,50004,1363,71.08,0.0273,0.083,email,fall,96887.88
2026-01-16 20:22:10,1500.02,1989.58,1455.31,180002,9162,218854,10819,130978,5632,46168,1632,68.1,0.0354,0.068,social,spring,111144.48
2026-01-17 20:22:10,2974.05,2249.15,2338.27,356885,12736,247406,7637,210444,7679,50239,1657,53.61,0.033,0.011,social,spring,88829.72
2026-01-18 20:22:10,2837.21,1926.33,1619.61,340465,16687,211896,4811,145764,4635,44337,645,84.93,0.0146,0.076,holiday,fall,54777.04
2026-01-19 20:22:10,3415.14,1591.51,1038.23,409816,14251,175066,3569,93440,3737,36535,1750,57.26,0.0479,0.231,radio,spring,100199.4
2026-01-20 20:22:10,2559.5,2011.73,1357.65,307140,11161,221290,10361,122188,5306,47321,2238,60.55,0.0473,0.071,email,fall,135520.14
2026-01-21 20:22:10,2306.56,1956.14,1452.35,276786,13535,215175,5108,130711,7798,47137,1211,46.81,0.0257,0.095,radio,spring,56688.12
2026-01-22 20:22:10,2877.14,2380.31,2060.14,345256,13061,261833,11978,185412,7804,58901,1457,59.34,0.0247,0.14,radio,spring,86461.32
2026-01-23 20:22:10,3175.35,2017.96,2336.29,381042,11631,221975,10503,210266,10905,60880,828,87.66,0.0136,0.171,tv,fall,72585.74
2026-01-24 20:22:10,4046.24,2265.22,1349.26,485548,26621,249174,10134,121432,6751,73555,2921,97.91,0.0397,0.231,radio,winter,286009.14
2026-01-25 20:22:10,2420.35,2237.11,2099.09,290441,8618,246082,11187,188918,7085,49063,2335,72.18,0.0476,0.207,radio,winter,168538.43
2026-01-26 20:22:10,3112.42,1898.76,917.61,373490,9401,208863,5091,82584,4075,32723,408,58.05,0.0125,0.085,email,spring,23683.57
2026-01-27 20:22:10,2411.48,2049.86,1024.66,289378,17016,225484,7598,92219,2861,46153,1813,51.55,0.0393,0.121,social,fall,93455.46
2026-01-28 20:22:10,3214.02,2324.3,1348.57,385682,14534,255672,12605,121371,4247,54307,1747,54.66,0.0322,0.021,radio,winter,95486.11
2026-01-29 20:22:10,3093.2,1822.31,1694.5,371183,21779,200453,8422,152505,8478,66957,2130,82.39,0.0318,0.035,tv,fall,175482.04
2026-01-30 20:22:10,2995.58,1820.26,1667.21,359469,19972,200228,4397,150048,9476,59133,2095,77.98,0.0354,0.002,tv,winter,163377.83
2026-01-31 20:22:10,2225.1,2942.57,1729.63,267011,7410,323682,15096,155667,6864,53963,1917,65.55,0.0355,0.155,email,spring,125654.89
2026-02-01 20:22:10,3117.8,1947.94,1655.83,374135,15156,214273,7300,149025,8875,55876,839,65.2,0.015,0.237,holiday,summer,54704.74
2026-02-02 20:22:10,1394.32,2058.11,1815.37,167318,4592,226391,5521,163383,7896,34639,1517,81.83,0.0438,0.177,email,winter,124141.48
2026-02-03 20:22:10,2870.37,2586.05,2656.57,344444,8737,284464,7699,239091,10819,51247,2212,45.22,0.0432,0.056,social,spring,100035.07
2026-02-04 20:22:10,1668.69,2418.47,2034.51,200242,11013,266031,12761,183105,11766,66077,1041,43.15,0.0158,0.015,holiday,spring,44917.24
2026-02-05 20:22:10,2649.2,1843.39,1962.33,317904,16067,202773,4436,176609,7350,48849,1172,50.01,0.024,0.232,social,summer,58617.16
2026-02-06 20:22:10,2839.55,1784.48,1965.61,340746,10087,196292,9227,176904,10502,55222,1721,59.73,0.0312,0.029,holiday,spring,102789.59
2026-02-07 20:22:10,3396.96,1738.62,1946.34,407635,21090,191248,6086,175170,9268,63447,2693,68.43,0.0425,0.081,email,spring,184280.19
2026-02-08 20:22:10,3645.4,2078.75,1750.5,437447,14661,228662,9788,157544,8220,58194,2417,70.77,0.0415,0.129,radio,spring,171046.66
2026-02-09 20:22:10,3191.31,2127.08,1823.03,382957,20487,233978,11262,164072,8734,70626,3380,48.63,0.0479,0.244,tv,summer,164366.59
2026-02-10 20:22:10,2850.6,1841.62,1908.38,342072,14909,202578,6480,171754,10002,56516,1299,63.15,0.023,0.136,holiday,fall,82025.45
2026-02-11 20:22:10,1878.16,1459.36,1270.45,225379,8364,160529,7957,114340,3502,35088,951,63.13,0.0271,0.183,tv,fall,60035.99
2026-02-12 20:22:10,1435.92,1844.74,1911.21,172310,7119,202920,5433,172008,11738,46770,1988,73.06,0.0425,0.228,email,fall,145245.86
2026-02-13 20:22:10,2631.27,2234.28,1433.66,315752,13703,245770,5546,129029,8738,50151,2309,85.85,0.0461,0.228,tv,winter,198237.24
2026-02-14 20:22:10,1873.28,1214.91,1796.83,224793,7739,133639,5818,161715,10712,46106,1062,83.44,0.023,0.161,email,spring,88617.8
2026-02-15 20:22:10,1767.2,2210.45,1344.99,212064,10705,243149,7145,121048,7141,45148,466,61.34,0.0103,0.243,radio,fall,28582.22
2026-02-16 20:22:10,2648.61,2288.11,1073.23,317833,16948,251691,11962,96590,3526,55089,886,65.14,0.0161,0.128,radio,summer,57711.24
2026-02-17 20:22:10,2067.12,1882.93,1128.69,248054,11581,207122,8205,101582,3591,40449,740,50.49,0.0183,0.054,radio,winter,37359.78
2026-02-18 20:22:10,2387.82,1448.49,995.65,286538,16169,159334,3345,89608,4518,40686,581,97.57,0.0143,0.112,tv,fall,56687.85
2026-02-19 20:22:10,1818.12,2390.33,786.15,218174,6431,262935,10904,70753,2627,35554,813,65.12,0.0229,0.233,radio,winter,52938.56
2026-02-20 20:22:10,1857.72,1548.59,1666.12,222926,5441,170344,7245,149950,8925,41254,1854,70.79,0.045,0.192,tv,winter,131245.15
2026-02-21 20:22:10,2515.75,1825.83,702.64,301889,15285,200841,9907,63237,2341,46508,2082,81.42,0.0448,0.195,radio,fall,169506.49
2026-02-22 20:22:10,3079.42,1528.16,1788.27,369530,10823,168097,5111,160944,8272,44090,786,81.24,0.0178,0.096,tv,winter,63853.84
2026-02-23 20:22:10,2310.33,2242.18,1053.73,277239,12005,246639,8624,94835,4274,43406,1923,46.36,0.0443,0.014,email,winter,89158.62
2026-02-24 20:22:10,2756.95,2183.27,1103.11,330834,15377,240160,7466,99280,5771,49666,1109,72.0,0.0223,0.216,holiday,spring,79848.14
2026-02-25 20:22:10,2216.05,2243.07,1798.24,265926,13210,246738,6665,161841,9017,52224,2447,72.4,0.0469,0.038,email,winter,177154.13
2026-02-26 20:22:10,2496.95,1896.48,1253.01,299634,13174,208612,5500,112770,4885,41105,564,70.22,0.0137,0.031,holiday,summer,39601.6
2026-02-27 20:22:10,2254.73,1079.94,1254.26,270568,6223,118793,3797,112883,4109,25745,1165,52.07,0.0453,0.2,radio,winter,60662.76
2026-02-28 20:22:10,3065.33,1650.69,2224.99,367839,19549,181575,5037,200248,6432,53134,1408,72.84,0.0265,0.224,social,winter,102554.99
2026-03-01 20:22:10,2514.69,2627.25,1502.3,301762,13331,288997,11657,135206,9024,61131,962,55.71,0.0158,0.236,social,winter,53591.05
2026-03-02 20:22:10,3111.08,2630.78,1007.01,373329,14666,289385,11909,90630,5402,55725,1015,82.2,0.0182,0.091,email,winter,83436.59
2026-03-03 20:22:10,1533.22,1984.33,2206.91,183986,4772,218276,9777,198621,11666,51055,2417,58.61,0.0474,0.09,radio,winter,141662.27
2026-03-04 20:22:10,3121.34,1563.89,1197.32,374560,14467,172027,7048,107758,5314,46442,1397,78.91,0.0301,0.223,tv,spring,110232.69
2026-03-05 20:22:10,1822.35,2305.16,1005.12,218681,6973,253567,11020,90460,2879,37115,755,65.56,0.0203,0.036,tv,fall,49499.7
2026-03-06 20:22:10,3135.82,2844.14,854.61,376297,18344,312854,12796,76914,4821,61581,2320,52.82,0.0377,0.03,tv,winter,122551.01
2026-03-07 20:22:10,3051.71,2345.45,1251.03,366205,8222,257999,9412,112592,7536,46355,1833,90.57,0.0395,0.034,social,summer,166015.07
2026-03-08 20:22:10,1765.48,1445.62,2237.25,211857,9233,159017,3946,201352,6585,35883,1247,45.53,0.0348,0.019,radio,winter,56780.11
2026-03-09 20:22:10,2672.46,2304.92,1135.86,320695,18188,253541,12149,102227,6607,64040,2134,88.18,0.0333,0.114,radio,spring,188169.61
2026-03-10 20:22:10,2130.29,2266.44,1307.52,255635,13189,249308,5887,117676,5174,42324,1309,53.85,0.0309,0.174,social,winter,70494.13
2026-03-11 20:22:10,3064.7,2419.51,1632.86,367764,17755,266146,8868,146957,7698,60071,2502,71.87,0.0417,0.206,email,winter,179823.84
2026-03-12 20:22:10,2586.79,1631.0,1696.83,310415,8162,179410,4651,152714,4896,31985,907,65.41,0.0284,0.199,email,spring,59323.03
2026-03-13 20:22:10,2020.09,1733.64,1506.96,242411,10808,190700,5945,135626,5490,39435,1334,79.85,0.0338,0.073,social,summer,106524.42
2026-03-14 20:22:10,3050.41,1675.9,1733.19,366049,9267,184349,3990,155987,9789,43162,1107,63.55,0.0256,0.162,holiday,spring,70354.01
2026-03-15 20:22:10,2997.04,3132.55,1814.9,359645,18893,344580,16938,163340,9249,79712,1780,48.29,0.0223,0.202,tv,spring,85951.15
2026-03-16 20:22:10,2632.85,2583.1,1847.08,315942,14075,284140,13513,166237,11335,70896,3500,103.78,0.0494,0.159,tv,winter,363217.99
2026-03-17 20:22:10,1748.67,1998.62,1092.85,209840,6812,219848,5727,98356,4315,30575,501,85.3,0.0164,0.243,holiday,fall,42735.07
2026-03-18 20:22:10,2299.79,2577.4,2519.79,275974,16217,283514,7464,226781,6993,53583,1433,76.58,0.0268,0.107,tv,summer,109739.13
2026-03-19 20:22:10,2817.4,1942.36,1229.49,338088,20105,213659,7203,110653,3538,51361,2501,64.4,0.0487,0.181,tv,winter,161056.43
2026-03-20 20:22:10,2141.67,1951.13,2028.91,256999,12755,214624,10167,182601,7390,54046,2238,69.32,0.0414,0.083,radio,spring,155132.35
2026-03-21 20:22:10,2289.73,2507.93,1212.31,274767,11757,275872,5876,109107,6057,41955,1939,46.01,0.0462,0.136,social,winter,89215.69
2026-03-22 20:22:10,1530.95,2852.76,1502.22,183714,5976,313803,14785,135199,5059,47204,2242,39.86,0.0475,0.239,tv,spring,89375.2
2026-03-23 20:22:10,1598.51,1557.74,1941.79,191821,7773,171351,3869,174761,11697,44866,1751,77.87,0.039,0.157,radio,fall,136357.12
2026-03-24 20:22:10,3203.68,2088.11,1657.92,384441,12483,229692,6011,149212,8896,49652,1341,55.55,0.027,0.047,social,winter,74485.92
2026-03-25 20:22:10,1486.44,1747.14,1462.91,178372,9222,192185,8986,131662,4787,40868,1693,88.45,0.0414,0.132,tv,fall,149751.92
2026-03-26 20:22:10,3487.52,2742.63,1918.52,418501,11506,301689,9472,172667,8968,54537,1009,88.87,0.0185,0.15,radio,winter,89672.07
2026-03-27 15:16:52,1980.81,2755.84,1991.23,237696,7833,303142,12452,179210,11079,19202,523,95.46,0.0273,0.023,email,fall,49927.06
2026-03-27 20:22:10,3779.17,1699.85,875.92,453500,11998,186983,4077,78832,2862,32104,383,67.12,0.012,0.028,holiday,summer,25705.87
2026-03-28 20:22:10,1901.99,1969.85,1711.33,228239,11645,216683,9077,154019,7187,50074,1531,49.62,0.0306,0.055,holiday,fall,75967.67
2026-03-29 20:22:10,2951.74,1343.57,1740.78,354208,10877,147792,3816,156669,9003,43540,602,45.72,0.0138,0.086,email,fall,27525.72
2026-03-30 20:22:10,1937.57,890.97,1546.86,232508,7980,98006,3954,139217,7052,34994,1372,72.27,0.0392,0.22,tv,winter,99159.39
2026-03-31 20:22:10,2067.88,2245.69,1836.55,248145,6845,247025,5098,165289,7745,36945,911,58.98,0.0247,0.171,holiday,summer,53728.29
2026-04-01 20:22:10,2532.33,2510.02,1441.68,303879,14813,276101,7672,129751,3898,45185,547,84.41,0.0121,0.232,holiday,winter,46171.83
2026-04-02 20:22:10,2936.56,2615.58,1412.21,352386,11362,287713,12456,127098,3859,48588,1825,62.3,0.0376,0.055,email,winter,113692.6
2026-04-03 20:22:10,1884.37,1875.59,1784.18,226123,7534,206315,10229,160575,6916,45426,1738,84.48,0.0383,0.231,holiday,summer,146823.72
2026-04-04 20:22:10,2881.94,2186.29,774.73,345832,19778,240492,5496,69725,2473,45491,1125,63.66,0.0247,0.168,holiday,winter,71620.8
2026-04-05 20:22:10,2204.69,2248.99,1766.79,264563,10574,247388,11112,159010,5259,48168,531,76.14,0.011,0.148,radio,fall,40430.27
2026-04-06 20:22:10,2813.72,3059.7,1832.46,337646,9937,336567,6843,164921,5739,40423,1798,59.22,0.0445,0.046,email,spring,106475.89
2026-04-07 20:22:10,2637.79,2661.09,1515.24,316534,8979,292720,10066,136371,8997,51971,1418,53.04,0.0273,0.043,social,summer,75207.11
2026-04-08 20:22:10,2142.47,1547.75,1672.83,257096,13544,170252,4830,150554,9898,51158,1779,53.12,0.0348,0.195,radio,winter,94492.52
2026-04-09 20:22:10,3264.33,2097.19,1533.03,391720,8331,230690,6292,137972,5522,36447,519,34.76,0.0142,0.037,radio,fall,18038.95
2026-04-10 20:22:10,2605.59,2705.38,1199.41,312671,12464,297592,13690,107946,4302,53240,2574,76.22,0.0484,0.072,holiday,spring,196196.95
2026-04-11 20:22:10,2706.21,1366.1,1808.3,324744,13869,150270,6799,162746,10984,57760,907,68.42,0.0157,0.055,email,winter,62055.23
2026-04-12 20:22:10,1998.99,2032.18,1908.91,239879,8014,223540,5289,171801,10221,44659,2151,48.88,0.0482,0.011,radio,winter,105151.48
2026-04-13 20:22:10,2403.07,1537.39,1106.55,288368,7302,169112,5214,99589,3771,29065,1154,52.39,0.0397,0.017,holiday,spring,60460.89
2026-04-14 20:22:10,2123.44,2696.55,1425.61,254812,14250,296620,9675,128304,6186,52978,1748,50.43,0.033,0.094,email,summer,88157.11
